seed,sample,ranking_score
1337,0,0.9045124662458339
1337,1,0.9054055157805011
1337,2,0.8961401499365196
1337,3,0.8952640869845865
1337,4,0.8854494734772639
