seed,sample,ranking_score
1337,0,0.9061889239018479
1337,1,0.8976717117839794
1337,2,0.8923935419093565
1337,3,0.8938875483742984
1337,4,0.8809601416953707
