seed,sample,ranking_score
1337,0,0.9014965231200727
1337,1,0.8993786285953749
1337,2,0.8893608489495397
1337,3,0.8908194528165274
1337,4,0.8738516647507245
