seed,sample,ranking_score
1337,0,0.9366066650685992
1337,1,0.9408327093968228
1337,2,0.927550441280693
1337,3,0.9252107168582233
1337,4,0.9231967710787674
