seed,sample,ranking_score
1337,0,0.9290454270057106
1337,1,0.9330160425063316
1337,2,0.9267232581129673
1337,3,0.9214941432391719
1337,4,0.925839323835649
