seed,sample,ranking_score
1337,0,0.9376608558637898
1337,1,0.9371928868637335
1337,2,0.9266458967827863
1337,3,0.9252273650576259
1337,4,0.924939365511026
