seed,sample,ranking_score
1337,0,0.8927481281189806
1337,1,0.8939606485287602
1337,2,0.8870376754025602
1337,3,0.88734787533117
1337,4,0.872420407574218
