seed,sample,ranking_score
1337,0,0.9372486372410526
1337,1,0.9399069642823275
1337,2,0.9331292062756719
1337,3,0.9278648193770608
1337,4,0.9349115093428646
